{
  "1.jpg": 1,
  "1_high.jpg": 0.99894,
  "1_low.jpg": 0.99267,
  "2.jpg": 1,
  "2_high.jpg": 0.99595,
  "2_low.jpg": 0.99001,
  "4.jpg": 1,
  "4_low.jpg": 0.79793,
  "6.jpg": 1,
  "6_low.jpg": 0.86534,
  "7.jpg": 1,
  "7_high.jpg": 0.9879,
  "7_low.jpg": 0.90988,
  "8.jpg": 1,
  "8_high.jpg": 0.99376,
  "8_low.jpg": 0.587
}
