{
  "avion.bmp": 1,
  "avion_j2000_r1.bmp": 0.9788,
  "avion_j2000_r2.bmp": 0.95492,
  "avion_j2000_r3.bmp": 0.92769,
  "avion_j2000_r4.bmp": 0.91503,
  "avion_j2000_r5.bmp": 0.8652,
  "avion_jpeg_r1.bmp": 0.96737,
  "avion_jpeg_r2.bmp": 0.9596,
  "avion_jpeg_r3.bmp": 0.94208,
  "avion_jpeg_r4.bmp": 0.92472,
  "avion_jpeg_r5.bmp": 0.90352,
  "barba.bmp": 1,
  "barba_flou_f1.bmp": 0.9771,
  "barba_flou_f2.bmp": 0.88685,
  "barba_flou_f3.bmp": 0.80933,
  "barba_flou_f4.bmp": 0.76822,
  "barba_flou_f5.bmp": 0.74065,
  "barba_j2000_r1.bmp": 0.98072,
  "barba_j2000_r2.bmp": 0.96217,
  "barba_j2000_r3.bmp": 0.92618,
  "barba_j2000_r4.bmp": 0.8819,
  "barba_j2000_r5.bmp": 0.77149,
  "barba_jpeg_lumichr_r1.bmp": 0.97069,
  "barba_jpeg_lumichr_r2.bmp": 0.94987,
  "barba_jpeg_lumichr_r3.bmp": 0.90594,
  "barba_jpeg_lumichr_r4.bmp": 0.85662,
  "barba_jpeg_lumichr_r5.bmp": 0.82249,
  "barba_jpeg_r1.bmp": 0.96497,
  "barba_jpeg_r2.bmp": 0.94307,
  "barba_jpeg_r3.bmp": 0.90917,
  "barba_jpeg_r4.bmp": 0.88177,
  "barba_jpeg_r5.bmp": 0.84206,
  "barba_lar_r1.bmp": 0.75909,
  "barba_lar_r2.bmp": 0.81028,
  "barba_lar_r3.bmp": 0.87445,
  "barba_lar_r4.bmp": 0.92809,
  "barba_lar_r5.bmp": 0.94874,
  "boats.bmp": 1,
  "boats_flou_f1.bmp": 0.97927,
  "boats_flou_f2.bmp": 0.95186,
  "boats_flou_f3.bmp": 0.91672,
  "boats_flou_f4.bmp": 0.80388,
  "boats_flou_f5.bmp": 0.7501,
  "boats_j2000_r1.bmp": 0.97509,
  "boats_j2000_r2.bmp": 0.95591,
  "boats_j2000_r3.bmp": 0.92317,
  "boats_j2000_r4.bmp": 0.89255,
  "boats_j2000_r5.bmp": 0.82777,
  "boats_jpeg_r1.bmp": 0.97259,
  "boats_jpeg_r2.bmp": 0.96326,
  "boats_jpeg_r3.bmp": 0.94108,
  "boats_jpeg_r4.bmp": 0.92264,
  "boats_jpeg_r5.bmp": 0.89513,
  "boats_lar_r1.bmp": 0.81047,
  "boats_lar_r2.bmp": 0.87383,
  "boats_lar_r3.bmp": 0.89178,
  "boats_lar_r4.bmp": 0.936,
  "boats_lar_r5.bmp": 0.96416,
  "clown.bmp": 1,
  "clown_j2000_r1.bmp": 0.98375,
  "clown_j2000_r2.bmp": 0.95912,
  "clown_j2000_r3.bmp": 0.94583,
  "clown_j2000_r4.bmp": 0.90415,
  "clown_j2000_r5.bmp": 0.82963,
  "clown_jpeg_lumichr_r1.bmp": 0.93561,
  "clown_jpeg_lumichr_r2.bmp": 0.90719,
  "clown_jpeg_lumichr_r3.bmp": 0.84633,
  "clown_jpeg_lumichr_r4.bmp": 0.8166,
  "clown_jpeg_lumichr_r5.bmp": 0.75226,
  "clown_jpeg_r1.bmp": 0.97826,
  "clown_jpeg_r2.bmp": 0.95796,
  "clown_jpeg_r3.bmp": 0.93765,
  "clown_jpeg_r4.bmp": 0.88652,
  "clown_jpeg_r5.bmp": 0.87388,
  "clown_lar_r1.bmp": 0.78313,
  "clown_lar_r2.bmp": 0.87128,
  "clown_lar_r3.bmp": 0.88511,
  "clown_lar_r4.bmp": 0.94541,
  "clown_lar_r5.bmp": 0.96024,
  "fruit.bmp": 1,
  "fruit_flou_f1.bmp": 0.98015,
  "fruit_flou_f2.bmp": 0.89514,
  "fruit_flou_f3.bmp": 0.82753,
  "fruit_flou_f4.bmp": 0.74454,
  "fruit_flou_f5.bmp": 0.65558,
  "fruit_j2000_r1.bmp": 0.98555,
  "fruit_j2000_r2.bmp": 0.96249,
  "fruit_j2000_r3.bmp": 0.93414,
  "fruit_j2000_r4.bmp": 0.87082,
  "fruit_j2000_r5.bmp": 0.81794,
  "fruit_jpeg_lumichr_r1.bmp": 0.95908,
  "fruit_jpeg_lumichr_r2.bmp": 0.96037,
  "fruit_jpeg_lumichr_r3.bmp": 0.91963,
  "fruit_jpeg_lumichr_r4.bmp": 0.89391,
  "fruit_jpeg_lumichr_r5.bmp": 0.85946,
  "fruit_jpeg_r1.bmp": 0.97807,
  "fruit_jpeg_r2.bmp": 0.96309,
  "fruit_jpeg_r3.bmp": 0.94974,
  "fruit_jpeg_r4.bmp": 0.8991,
  "fruit_jpeg_r5.bmp": 0.87569,
  "fruit_lar_r1.bmp": 0.83545,
  "fruit_lar_r2.bmp": 0.9145,
  "fruit_lar_r3.bmp": 0.92317,
  "fruit_lar_r4.bmp": 0.95433,
  "fruit_lar_r5.bmp": 0.96143,
  "house.bmp": 1,
  "house_j2000_r1.bmp": 0.9784,
  "house_j2000_r2.bmp": 0.96638,
  "house_j2000_r3.bmp": 0.9309,
  "house_j2000_r4.bmp": 0.88455,
  "house_j2000_r5.bmp": 0.81123,
  "house_jpeg_r1.bmp": 0.97568,
  "house_jpeg_r2.bmp": 0.96135,
  "house_jpeg_r3.bmp": 0.93826,
  "house_jpeg_r4.bmp": 0.89738,
  "house_jpeg_r5.bmp": 0.86424,
  "house_lar_r1.bmp": 0.82675,
  "house_lar_r2.bmp": 0.89363,
  "house_lar_r3.bmp": 0.90652,
  "house_lar_r4.bmp": 0.93952,
  "house_lar_r5.bmp": 0.95431,
  "isabe.bmp": 1,
  "isabe_j2000_r1.bmp": 0.9761,
  "isabe_j2000_r2.bmp": 0.95944,
  "isabe_j2000_r3.bmp": 0.92286,
  "isabe_j2000_r4.bmp": 0.89024,
  "isabe_j2000_r5.bmp": 0.82977,
  "isabe_jpeg_lumichr_r1.bmp": 0.96067,
  "isabe_jpeg_lumichr_r2.bmp": 0.94498,
  "isabe_jpeg_lumichr_r3.bmp": 0.92004,
  "isabe_jpeg_lumichr_r4.bmp": 0.87529,
  "isabe_jpeg_lumichr_r5.bmp": 0.82754,
  "isabe_jpeg_r1.bmp": 0.9681,
  "isabe_jpeg_r2.bmp": 0.95607,
  "isabe_jpeg_r3.bmp": 0.93032,
  "isabe_jpeg_r4.bmp": 0.90493,
  "isabe_jpeg_r5.bmp": 0.85097,
  "lenat.bmp": 1,
  "lenat_flou_f1.bmp": 0.9885,
  "lenat_flou_f2.bmp": 0.93448,
  "lenat_flou_f3.bmp": 0.87413,
  "lenat_flou_f4.bmp": 0.8529,
  "lenat_flou_f5.bmp": 0.7899,
  "lenat_j2000_r1.bmp": 0.98331,
  "lenat_j2000_r2.bmp": 0.96005,
  "lenat_j2000_r3.bmp": 0.93169,
  "lenat_j2000_r4.bmp": 0.91513,
  "lenat_j2000_r5.bmp": 0.87601,
  "lenat_jpeg_r1.bmp": 0.97105,
  "lenat_jpeg_r2.bmp": 0.96334,
  "lenat_jpeg_r3.bmp": 0.93488,
  "lenat_jpeg_r4.bmp": 0.90596,
  "lenat_jpeg_r5.bmp": 0.88352,
  "lenat_lar_r1.bmp": 0.8582,
  "lenat_lar_r2.bmp": 0.91073,
  "lenat_lar_r3.bmp": 0.93025,
  "lenat_lar_r4.bmp": 0.95131,
  "lenat_lar_r5.bmp": 0.95893,
  "mandr.bmp": 1,
  "mandr_j2000_r1.bmp": 0.9336,
  "mandr_j2000_r2.bmp": 0.91031,
  "mandr_j2000_r3.bmp": 0.83953,
  "mandr_j2000_r4.bmp": 0.68594,
  "mandr_j2000_r5.bmp": 0.54166,
  "mandr_jpeg_lumichr_r1.bmp": 0.94582,
  "mandr_jpeg_lumichr_r2.bmp": 0.92969,
  "mandr_jpeg_lumichr_r3.bmp": 0.846,
  "mandr_jpeg_lumichr_r4.bmp": 0.80991,
  "mandr_jpeg_lumichr_r5.bmp": 0.70818,
  "mandr_jpeg_r1.bmp": 0.95993,
  "mandr_jpeg_r2.bmp": 0.91425,
  "mandr_jpeg_r3.bmp": 0.85124,
  "mandr_jpeg_r4.bmp": 0.81209,
  "mandr_jpeg_r5.bmp": 0.74111,
  "mandr_lar_r1.bmp": 0.67476,
  "mandr_lar_r2.bmp": 0.77216,
  "mandr_lar_r3.bmp": 0.83993,
  "mandr_lar_r4.bmp": 0.88023,
  "mandr_lar_r5.bmp": 0.92325,
  "pimen.bmp": 1,
  "pimen_j2000_r1.bmp": 0.97415,
  "pimen_j2000_r2.bmp": 0.95309,
  "pimen_j2000_r3.bmp": 0.9333,
  "pimen_j2000_r4.bmp": 0.89231,
  "pimen_j2000_r5.bmp": 0.77149,
  "pimen_jpeg_r1.bmp": 0.95462,
  "pimen_jpeg_r2.bmp": 0.94588,
  "pimen_jpeg_r3.bmp": 0.93512,
  "pimen_jpeg_r4.bmp": 0.90028,
  "pimen_jpeg_r5.bmp": 0.87294,
  "pimen_lar_r1.bmp": 0.88312,
  "pimen_lar_r2.bmp": 0.92403,
  "pimen_lar_r3.bmp": 0.93841,
  "pimen_lar_r4.bmp": 0.95918,
  "pimen_lar_r5.bmp": 0.96385
}
