{
  "Q.gif": 1,
  "Q_02876.gif": 0.76269,
  "Q_03461.gif": 0.75429,
  "Q_03891.gif": 0.77107,
  "Q_04408.gif": 0.77647,
  "Q_06494.gif": 0.80795,
  "Q_09372.gif": 0.9539,
  "Q_09894.gif": 0.98972
}
